category,item_a,item_b,winner
animal,Hormiga,Abeja,Abeja
animal,Hormiga,Mariposa,Mariposa
animal,Hormiga,Cuervo,Cuervo
animal,Hormiga,Pato,Pato
animal,Hormiga,Águila,Águila
animal,Hormiga,Rana,Rana
animal,Hormiga,Colibrí,Colibrí
animal,Hormiga,Iguana,Iguana
animal,Hormiga,Lagartija,Lagartija
animal,Hormiga,Búho,Búho
animal,Hormiga,Loro,Loro
animal,Hormiga,Gaviota,Gaviota
animal,Hormiga,Culebra,Culebra
animal,Hormiga,Araña,Hormiga
animal,Hormiga,Buitre,Buitre
animal,Hormiga,Avispa,Hormiga
animal,Hormiga,Gusano,Hormiga
animal,Hormiga,,Hormiga
animal,Hormiga,,Hormiga
animal,Hormiga,,Hormiga
animal,Hormiga,,Hormiga
animal,Hormiga,,Hormiga
animal,Hormiga,,Hormiga
animal,Hormiga,,Hormiga
animal,Hormiga,,Hormiga
animal,Hormiga,,Hormiga
animal,Hormiga,,Hormiga
animal,Hormiga,,Hormiga
animal,Hormiga,,Hormiga
animal,Hormiga,,Hormiga
animal,Hormiga,,Hormiga
animal,Hormiga,,Hormiga
animal,Abeja,Mariposa,Mariposa
animal,Abeja,Cuervo,Cuervo
animal,Abeja,Pato,Pato
animal,Abeja,Águila,Águila
animal,Abeja,Rana,Rana
animal,Abeja,Colibrí,Colibrí
animal,Abeja,Iguana,Abeja
animal,Abeja,Lagartija,Lagartija
animal,Abeja,Búho,Búho
animal,Abeja,Loro,Loro
animal,Abeja,Gaviota,Gaviota
animal,Abeja,Culebra,Culebra
animal,Abeja,Araña,Abeja
animal,Abeja,Buitre,Buitre
animal,Abeja,Avispa,Abeja
animal,Abeja,Gusano,Abeja
animal,Abeja,,Abeja
animal,Abeja,,Abeja
animal,Abeja,,Abeja
animal,Abeja,,Abeja
animal,Abeja,,Abeja
animal,Abeja,,Abeja
animal,Abeja,,Abeja
animal,Abeja,,Abeja
animal,Abeja,,Abeja
animal,Abeja,,Abeja
animal,Abeja,,Abeja
animal,Abeja,,Abeja
animal,Abeja,,Abeja
animal,Abeja,,Abeja
animal,Abeja,,Abeja
animal,Mariposa,Cuervo,Cuervo
animal,Mariposa,Pato,Pato
animal,Mariposa,Águila,Águila
animal,Mariposa,Rana,Rana
animal,Mariposa,Colibrí,Colibrí
animal,Mariposa,Iguana,Iguana
animal,Mariposa,Lagartija,Lagartija
animal,Mariposa,Búho,Búho
animal,Mariposa,Loro,Loro
animal,Mariposa,Gaviota,Gaviota
animal,Mariposa,Culebra,Culebra
animal,Mariposa,Araña,Mariposa
animal,Mariposa,Buitre,Buitre
animal,Mariposa,Avispa,Mariposa
animal,Mariposa,Gusano,Mariposa
animal,Mariposa,,Mariposa
animal,Mariposa,,Mariposa
animal,Mariposa,,Mariposa
animal,Mariposa,,Mariposa
animal,Mariposa,,Mariposa
animal,Mariposa,,Mariposa
animal,Mariposa,,Mariposa
animal,Mariposa,,Mariposa
animal,Mariposa,,Mariposa
animal,Mariposa,,Mariposa
animal,Mariposa,,Mariposa
animal,Mariposa,,Mariposa
animal,Mariposa,,Mariposa
animal,Mariposa,,Mariposa
animal,Mariposa,,Mariposa
animal,Cuervo,Pato,Pato
animal,Cuervo,Águila,Cuervo
animal,Cuervo,Rana,Rana
animal,Cuervo,Colibrí,Cuervo
animal,Cuervo,Iguana,Cuervo
animal,Cuervo,Lagartija,Cuervo
animal,Cuervo,Búho,Cuervo
animal,Cuervo,Loro,Loro
animal,Cuervo,Gaviota,Gaviota
animal,Cuervo,Culebra,Cuervo
animal,Cuervo,Araña,Cuervo
animal,Cuervo,Buitre,Cuervo
animal,Cuervo,Avispa,Cuervo
animal,Cuervo,Gusano,Cuervo
animal,Cuervo,,Cuervo
animal,Cuervo,,Cuervo
animal,Cuervo,,Cuervo
animal,Cuervo,,Cuervo
animal,Cuervo,,Cuervo
animal,Cuervo,,Cuervo
animal,Cuervo,,Cuervo
animal,Cuervo,,Cuervo
animal,Cuervo,,Cuervo
animal,Cuervo,,Cuervo
animal,Cuervo,,Cuervo
animal,Cuervo,,Cuervo
animal,Cuervo,,Cuervo
animal,Cuervo,,Cuervo
animal,Cuervo,,Cuervo
animal,Pato,Águila,Pato
animal,Pato,Rana,Pato
animal,Pato,Colibrí,Pato
animal,Pato,Iguana,Pato
animal,Pato,Lagartija,Pato
animal,Pato,Búho,Pato
animal,Pato,Loro,Pato
animal,Pato,Gaviota,Pato
animal,Pato,Culebra,Pato
animal,Pato,Araña,Pato
animal,Pato,Buitre,Pato
animal,Pato,Avispa,Pato
animal,Pato,Gusano,Pato
animal,Pato,,Pato
animal,Pato,,Pato
animal,Pato,,Pato
animal,Pato,,Pato
animal,Pato,,Pato
animal,Pato,,Pato
animal,Pato,,Pato
animal,Pato,,Pato
animal,Pato,,Pato
animal,Pato,,Pato
animal,Pato,,Pato
animal,Pato,,Pato
animal,Pato,,Pato
animal,Pato,,Pato
animal,Pato,,Pato
animal,Águila,Rana,Rana
animal,Águila,Colibrí,Águila
animal,Águila,Iguana,Águila
animal,Águila,Lagartija,Águila
animal,Águila,Búho,Águila
animal,Águila,Loro,Loro
animal,Águila,Gaviota,Gaviota
animal,Águila,Culebra,Águila
animal,Águila,Araña,Águila
animal,Águila,Buitre,Águila
animal,Águila,Avispa,Águila
animal,Águila,Gusano,Águila
animal,Águila,,Águila
animal,Águila,,Águila
animal,Águila,,Águila
animal,Águila,,Águila
animal,Águila,,Águila
animal,Águila,,Águila
animal,Águila,,Águila
animal,Águila,,Águila
animal,Águila,,Águila
animal,Águila,,Águila
animal,Águila,,Águila
animal,Águila,,Águila
animal,Águila,,Águila
animal,Águila,,Águila
animal,Águila,,Águila
animal,Rana,Colibrí,Rana
animal,Rana,Iguana,Rana
animal,Rana,Lagartija,Rana
animal,Rana,Búho,Búho
animal,Rana,Loro,Loro
animal,Rana,Gaviota,Rana
animal,Rana,Culebra,Rana
animal,Rana,Araña,Rana
animal,Rana,Buitre,Rana
animal,Rana,Avispa,Rana
animal,Rana,Gusano,Rana
animal,Rana,,Rana
animal,Rana,,Rana
animal,Rana,,Rana
animal,Rana,,Rana
animal,Rana,,Rana
animal,Rana,,Rana
animal,Rana,,Rana
animal,Rana,,Rana
animal,Rana,,Rana
animal,Rana,,Rana
animal,Rana,,Rana
animal,Rana,,Rana
animal,Rana,,Rana
animal,Rana,,Rana
animal,Rana,,Rana
animal,Colibrí,Iguana,Colibrí
animal,Colibrí,Lagartija,Colibrí
animal,Colibrí,Búho,Búho
animal,Colibrí,Loro,Loro
animal,Colibrí,Gaviota,Gaviota
animal,Colibrí,Culebra,Culebra
animal,Colibrí,Araña,Colibrí
animal,Colibrí,Buitre,Buitre
animal,Colibrí,Avispa,Colibrí
animal,Colibrí,Gusano,Colibrí
animal,Colibrí,,Colibrí
animal,Colibrí,,Colibrí
animal,Colibrí,,Colibrí
animal,Colibrí,,Colibrí
animal,Colibrí,,Colibrí
animal,Colibrí,,Colibrí
animal,Colibrí,,Colibrí
animal,Colibrí,,Colibrí
animal,Colibrí,,Colibrí
animal,Colibrí,,Colibrí
animal,Colibrí,,Colibrí
animal,Colibrí,,Colibrí
animal,Colibrí,,Colibrí
animal,Colibrí,,Colibrí
animal,Colibrí,,Colibrí
animal,Iguana,Lagartija,Lagartija
animal,Iguana,Búho,Búho
animal,Iguana,Loro,Loro
animal,Iguana,Gaviota,Gaviota
animal,Iguana,Culebra,Culebra
animal,Iguana,Araña,Araña
animal,Iguana,Buitre,Buitre
animal,Iguana,Avispa,Iguana
animal,Iguana,Gusano,Iguana
animal,Iguana,,Iguana
animal,Iguana,,Iguana
animal,Iguana,,Iguana
animal,Iguana,,Iguana
animal,Iguana,,Iguana
animal,Iguana,,Iguana
animal,Iguana,,Iguana
animal,Iguana,,Iguana
animal,Iguana,,Iguana
animal,Iguana,,Iguana
animal,Iguana,,Iguana
animal,Iguana,,Iguana
animal,Iguana,,Iguana
animal,Iguana,,Iguana
animal,Iguana,,Iguana
animal,Lagartija,Búho,Búho
animal,Lagartija,Loro,Loro
animal,Lagartija,Gaviota,Gaviota
animal,Lagartija,Culebra,Culebra
animal,Lagartija,Araña,Lagartija
animal,Lagartija,Buitre,Buitre
animal,Lagartija,Avispa,Lagartija
animal,Lagartija,Gusano,Lagartija
animal,Lagartija,,Lagartija
animal,Lagartija,,Lagartija
animal,Lagartija,,Lagartija
animal,Lagartija,,Lagartija
animal,Lagartija,,Lagartija
animal,Lagartija,,Lagartija
animal,Lagartija,,Lagartija
animal,Lagartija,,Lagartija
animal,Lagartija,,Lagartija
animal,Lagartija,,Lagartija
animal,Lagartija,,Lagartija
animal,Lagartija,,Lagartija
animal,Lagartija,,Lagartija
animal,Lagartija,,Lagartija
animal,Lagartija,,Lagartija
animal,Búho,Loro,Loro
animal,Búho,Gaviota,Gaviota
animal,Búho,Culebra,Culebra
animal,Búho,Araña,Búho
animal,Búho,Buitre,Búho
animal,Búho,Avispa,Búho
animal,Búho,Gusano,Búho
animal,Búho,,Búho
animal,Búho,,Búho
animal,Búho,,Búho
animal,Búho,,Búho
animal,Búho,,Búho
animal,Búho,,Búho
animal,Búho,,Búho
animal,Búho,,Búho
animal,Búho,,Búho
animal,Búho,,Búho
animal,Búho,,Búho
animal,Búho,,Búho
animal,Búho,,Búho
animal,Búho,,Búho
animal,Búho,,Búho
animal,Loro,Gaviota,Loro
animal,Loro,Culebra,Loro
animal,Loro,Araña,Loro
animal,Loro,Buitre,Loro
animal,Loro,Avispa,Loro
animal,Loro,Gusano,Loro
animal,Loro,,Loro
animal,Loro,,Loro
animal,Loro,,Loro
animal,Loro,,Loro
animal,Loro,,Loro
animal,Loro,,Loro
animal,Loro,,Loro
animal,Loro,,Loro
animal,Loro,,Loro
animal,Loro,,Loro
animal,Loro,,Loro
animal,Loro,,Loro
animal,Loro,,Loro
animal,Loro,,Loro
animal,Loro,,Loro
animal,Gaviota,Culebra,Culebra
animal,Gaviota,Araña,Gaviota
animal,Gaviota,Buitre,Gaviota
animal,Gaviota,Avispa,Gaviota
animal,Gaviota,Gusano,Gusano
animal,Gaviota,,Gaviota
animal,Gaviota,,Gaviota
animal,Gaviota,,Gaviota
animal,Gaviota,,Gaviota
animal,Gaviota,,Gaviota
animal,Gaviota,,Gaviota
animal,Gaviota,,Gaviota
animal,Gaviota,,Gaviota
animal,Gaviota,,Gaviota
animal,Gaviota,,Gaviota
animal,Gaviota,,Gaviota
animal,Gaviota,,Gaviota
animal,Gaviota,,Gaviota
animal,Gaviota,,Gaviota
animal,Gaviota,,Gaviota
animal,Culebra,Araña,Culebra
animal,Culebra,Buitre,Buitre
animal,Culebra,Avispa,Culebra
animal,Culebra,Gusano,Culebra
animal,Culebra,,Culebra
animal,Culebra,,Culebra
animal,Culebra,,Culebra
animal,Culebra,,Culebra
animal,Culebra,,Culebra
animal,Culebra,,Culebra
animal,Culebra,,Culebra
animal,Culebra,,Culebra
animal,Culebra,,Culebra
animal,Culebra,,Culebra
animal,Culebra,,Culebra
animal,Culebra,,Culebra
animal,Culebra,,Culebra
animal,Culebra,,Culebra
animal,Culebra,,Culebra
animal,Araña,Buitre,Buitre
animal,Araña,Avispa,Araña
animal,Araña,Gusano,Gusano
animal,Araña,,Araña
animal,Araña,,Araña
animal,Araña,,Araña
animal,Araña,,Araña
animal,Araña,,Araña
animal,Araña,,Araña
animal,Araña,,Araña
animal,Araña,,Araña
animal,Araña,,Araña
animal,Araña,,Araña
animal,Araña,,Araña
animal,Araña,,Araña
animal,Araña,,Araña
animal,Araña,,Araña
animal,Araña,,Araña
animal,Buitre,Avispa,Buitre
animal,Buitre,Gusano,Buitre
animal,Buitre,,Buitre
animal,Buitre,,Buitre
animal,Buitre,,Buitre
animal,Buitre,,Buitre
animal,Buitre,,Buitre
animal,Buitre,,Buitre
animal,Buitre,,Buitre
animal,Buitre,,Buitre
animal,Buitre,,Buitre
animal,Buitre,,Buitre
animal,Buitre,,Buitre
animal,Buitre,,Buitre
animal,Buitre,,Buitre
animal,Buitre,,Buitre
animal,Buitre,,Buitre
animal,Avispa,Gusano,Gusano
animal,Avispa,,Avispa
animal,Avispa,,Avispa
animal,Avispa,,Avispa
animal,Avispa,,Avispa
animal,Avispa,,Avispa
animal,Avispa,,Avispa
animal,Avispa,,Avispa
animal,Avispa,,Avispa
animal,Avispa,,Avispa
animal,Avispa,,Avispa
animal,Avispa,,Avispa
animal,Avispa,,Avispa
animal,Avispa,,Avispa
animal,Avispa,,Avispa
animal,Avispa,,Avispa
animal,Gusano,,Gusano
animal,Gusano,,Gusano
animal,Gusano,,Gusano
animal,Gusano,,Gusano
animal,Gusano,,Gusano
animal,Gusano,,Gusano
animal,Gusano,,Gusano
animal,Gusano,,Gusano
animal,Gusano,,Gusano
animal,Gusano,,Gusano
animal,Gusano,,Gusano
animal,Gusano,,Gusano
animal,Gusano,,Gusano
animal,Gusano,,Gusano
animal,Gusano,,Gusano
animal,,,
animal,,,
animal,,,
animal,,,
animal,,,
animal,,,
animal,,,
animal,,,
animal,,,
animal,,,
animal,,,
animal,,,
animal,,,
animal,,,
animal,,,
animal,,,
animal,,,
animal,,,
animal,,,
animal,,,
animal,,,
animal,,,
animal,,,
animal,,,
animal,,,
animal,,,
animal,,,
animal,,,
animal,,,
animal,,,
animal,,,
animal,,,
animal,,,
animal,,,
animal,,,
animal,,,
animal,,,
animal,,,
animal,,,
animal,,,
animal,,,
animal,,,
animal,,,
animal,,,
animal,,,
animal,,,
animal,,,
animal,,,
animal,,,
animal,,,
animal,,,
animal,,,
animal,,,
animal,,,
animal,,,
animal,,,
animal,,,
animal,,,
animal,,,
animal,,,
animal,,,
animal,,,
animal,,,
animal,,,
animal,,,
animal,,,
animal,,,
animal,,,
animal,,,
animal,,,
animal,,,
animal,,,
animal,,,
animal,,,
animal,,,
animal,,,
animal,,,
animal,,,
animal,,,
animal,,,
animal,,,
animal,,,
animal,,,
animal,,,
animal,,,
animal,,,
animal,,,
animal,,,
animal,,,
animal,,,
animal,,,
animal,,,
animal,,,
animal,,,
animal,,,
animal,,,
animal,,,
animal,,,
animal,,,
animal,,,
animal,,,
animal,,,
animal,,,
animal,,,
animal,,,
clothing,Blusa,Capa,Blusa
clothing,Blusa,Abrigo,Abrigo
clothing,Blusa,Vestido,Vestido
clothing,Blusa,Guante,Blusa
clothing,Blusa,Chaqueta,Chaqueta
clothing,Blusa,Impermeable,Blusa
clothing,Blusa,Chal,Blusa
clothing,Blusa,Camisa,Camisa
clothing,Blusa,Falda,Falda
clothing,Blusa,Calcetines,Calcetines
clothing,Blusa,Sudadera,Sudadera
clothing,Blusa,,Blusa
clothing,Blusa,Corbata,Blusa
clothing,Capa,Abrigo,Abrigo
clothing,Capa,Vestido,Vestido
clothing,Capa,Guante,Guante
clothing,Capa,Chaqueta,Chaqueta
clothing,Capa,Impermeable,Impermeable
clothing,Capa,Chal,Chal
clothing,Capa,Camisa,Camisa
clothing,Capa,Falda,Falda
clothing,Capa,Calcetines,Calcetines
clothing,Capa,Sudadera,Sudadera
clothing,Capa,,Capa
clothing,Capa,Corbata,Corbata
clothing,Abrigo,Vestido,Vestido
clothing,Abrigo,Guante,Abrigo
clothing,Abrigo,Chaqueta,Chaqueta
clothing,Abrigo,Impermeable,Abrigo
clothing,Abrigo,Chal,Abrigo
clothing,Abrigo,Camisa,Camisa
clothing,Abrigo,Falda,Falda
clothing,Abrigo,Calcetines,Abrigo
clothing,Abrigo,Sudadera,Sudadera
clothing,Abrigo,,Abrigo
clothing,Abrigo,Corbata,Abrigo
clothing,Vestido,Guante,Vestido
clothing,Vestido,Chaqueta,Chaqueta
clothing,Vestido,Impermeable,Vestido
clothing,Vestido,Chal,Vestido
clothing,Vestido,Camisa,Camisa
clothing,Vestido,Falda,Vestido
clothing,Vestido,Calcetines,Vestido
clothing,Vestido,Sudadera,Vestido
clothing,Vestido,,Vestido
clothing,Vestido,Corbata,Vestido
clothing,Guante,Chaqueta,Chaqueta
clothing,Guante,Impermeable,Impermeable
clothing,Guante,Chal,Guante
clothing,Guante,Camisa,Camisa
clothing,Guante,Falda,Falda
clothing,Guante,Calcetines,Calcetines
clothing,Guante,Sudadera,Sudadera
clothing,Guante,,Guante
clothing,Guante,Corbata,Corbata
clothing,Chaqueta,Impermeable,Chaqueta
clothing,Chaqueta,Chal,Chaqueta
clothing,Chaqueta,Camisa,Camisa
clothing,Chaqueta,Falda,Chaqueta
clothing,Chaqueta,Calcetines,Chaqueta
clothing,Chaqueta,Sudadera,Chaqueta
clothing,Chaqueta,,Chaqueta
clothing,Chaqueta,Corbata,Chaqueta
clothing,Impermeable,Chal,Impermeable
clothing,Impermeable,Camisa,Camisa
clothing,Impermeable,Falda,Falda
clothing,Impermeable,Calcetines,Calcetines
clothing,Impermeable,Sudadera,Sudadera
clothing,Impermeable,,Impermeable
clothing,Impermeable,Corbata,Corbata
clothing,Chal,Camisa,Camisa
clothing,Chal,Falda,Falda
clothing,Chal,Calcetines,Calcetines
clothing,Chal,Sudadera,Sudadera
clothing,Chal,,Chal
clothing,Chal,Corbata,Corbata
clothing,Camisa,Falda,Camisa
clothing,Camisa,Calcetines,Camisa
clothing,Camisa,Sudadera,Camisa
clothing,Camisa,,Camisa
clothing,Camisa,Corbata,Camisa
clothing,Falda,Calcetines,Calcetines
clothing,Falda,Sudadera,Sudadera
clothing,Falda,,Falda
clothing,Falda,Corbata,Falda
clothing,Calcetines,Sudadera,Sudadera
clothing,Calcetines,,Calcetines
clothing,Calcetines,Corbata,Calcetines
clothing,Sudadera,,Sudadera
clothing,Sudadera,Corbata,Sudadera
clothing,,Corbata,Corbata
food,Pollo,,Pollo
food,Pollo,,Pollo
food,Pollo,,Pollo
food,Pollo,,Pollo
food,Pollo,,Pollo
food,Pollo,,Pollo
food,Pollo,,Pollo
food,Pollo,,Pollo
food,Pollo,,Pollo
food,Pollo,,Pollo
food,Pollo,,Pollo
food,Pollo,,Pollo
food,Pollo,,Pollo
food,Pollo,,Pollo
food,Pollo,,Pollo
food,Pollo,,Pollo
food,Pollo,,Pollo
food,Pollo,,Pollo
food,Pollo,,Pollo
food,Pollo,,Pollo
food,Pollo,,Pollo
food,Pollo,,Pollo
food,Pollo,,Pollo
food,Pollo,,Pollo
food,Pollo,,Pollo
food,Pollo,,Pollo
food,Pollo,,Pollo
food,Pollo,,Pollo
food,Pollo,,Pollo
food,Pollo,,Pollo
food,Pollo,,Pollo
food,Pollo,,Pollo
food,Pollo,,Pollo
food,Pollo,,Pollo
food,Pollo,,Pollo
food,Pollo,,Pollo
food,,,
food,,,
food,,,
food,,,
food,,,
food,,,
food,,,
food,,,
food,,,
food,,,
food,,,
food,,,
food,,,
food,,,
food,,,
food,,,
food,,,
food,,,
food,,,
food,,,
food,,,
food,,,
food,,,
food,,,
food,,,
food,,,
food,,,
food,,,
food,,,
food,,,
food,,,
food,,,
food,,,
food,,,
food,,,
food,,,
food,,,
food,,,
food,,,
food,,,
food,,,
food,,,
food,,,
food,,,
food,,,
food,,,
food,,,
food,,,
food,,,
food,,,
food,,,
food,,,
food,,,
food,,,
food,,,
food,,,
food,,,
food,,,
food,,,
food,,,
food,,,
food,,,
food,,,
food,,,
food,,,
food,,,
food,,,
food,,,
food,,,
food,,,
food,,,
food,,,
food,,,
food,,,
food,,,
food,,,
food,,,
food,,,
food,,,
food,,,
food,,,
food,,,
food,,,
food,,,
food,,,
food,,,
food,,,
food,,,
food,,,
food,,,
food,,,
food,,,
food,,,
food,,,
food,,,
food,,,
food,,,
food,,,
food,,,
food,,,
food,,,
food,,,
food,,,
food,,,
food,,,
food,,,
food,,,
food,,,
food,,,
food,,,
food,,,
food,,,
food,,,
food,,,
food,,,
food,,,
food,,,
food,,,
food,,,
food,,,
food,,,
food,,,
food,,,
food,,,
food,,,
food,,,
food,,,
food,,,
food,,,
food,,,
food,,,
food,,,
food,,,
food,,,
food,,,
food,,,
food,,,
food,,,
food,,,
food,,,
food,,,
food,,,
food,,,
food,,,
food,,,
food,,,
food,,,
food,,,
food,,,
food,,,
food,,,
food,,,
food,,,
food,,,
food,,,
food,,,
food,,,
food,,,
food,,,
food,,,
food,,,
food,,,
food,,,
food,,,
food,,,
food,,,
food,,,
food,,,
food,,,
food,,,
food,,,
food,,,
food,,,
food,,,
food,,,
food,,,
food,,,
food,,,
food,,,
food,,,
food,,,
food,,,
food,,,
food,,,
food,,,
food,,,
food,,,
food,,,
food,,,
food,,,
food,,,
food,,,
food,,,
food,,,
food,,,
food,,,
food,,,
food,,,
food,,,
food,,,
food,,,
food,,,
food,,,
food,,,
food,,,
food,,,
food,,,
food,,,
food,,,
food,,,
food,,,
food,,,
food,,,
food,,,
food,,,
food,,,
food,,,
food,,,
food,,,
food,,,
food,,,
food,,,
food,,,
food,,,
food,,,
food,,,
food,,,
food,,,
food,,,
food,,,
food,,,
food,,,
food,,,
food,,,
food,,,
food,,,
food,,,
food,,,
food,,,
food,,,
food,,,
food,,,
food,,,
food,,,
food,,,
food,,,
food,,,
food,,,
food,,,
food,,,
food,,,
food,,,
food,,,
food,,,
food,,,
food,,,
food,,,
food,,,
food,,,
food,,,
food,,,
food,,,
food,,,
food,,,
food,,,
food,,,
food,,,
food,,,
food,,,
food,,,
food,,,
food,,,
food,,,
food,,,
food,,,
food,,,
food,,,
food,,,
food,,,
food,,,
food,,,
food,,,
food,,,
food,,,
food,,,
food,,,
food,,,
food,,,
food,,,
food,,,
food,,,
food,,,
food,,,
food,,,
food,,,
food,,,
food,,,
food,,,
food,,,
food,,,
food,,,
food,,,
food,,,
food,,,
food,,,
food,,,
food,,,
food,,,
food,,,
food,,,
food,,,
food,,,
food,,,
food,,,
food,,,
food,,,
food,,,
food,,,
food,,,
food,,,
food,,,
food,,,
food,,,
food,,,
food,,,
food,,,
food,,,
food,,,
food,,,
food,,,
food,,,
food,,,
food,,,
food,,,
food,,,
food,,,
food,,,
food,,,
food,,,
food,,,
food,,,
food,,,
food,,,
food,,,
food,,,
food,,,
food,,,
food,,,
food,,,
food,,,
food,,,
food,,,
food,,,
food,,,
food,,,
food,,,
food,,,
food,,,
food,,,
food,,,
food,,,
food,,,
food,,,
food,,,
food,,,
food,,,
food,,,
food,,,
food,,,
food,,,
food,,,
food,,,
food,,,
food,,,
food,,,
food,,,
food,,,
food,,,
food,,,
food,,,
food,,,
food,,,
food,,,
food,,,
food,,,
food,,,
food,,,
food,,,
food,,,
food,,,
food,,,
food,,,
food,,,
food,,,
food,,,
food,,,
food,,,
food,,,
food,,,
food,,,
food,,,
food,,,
food,,,
food,,,
food,,,
food,,,
food,,,
food,,,
food,,,
food,,,
food,,,
food,,,
food,,,
food,,,
food,,,
food,,,
food,,,
food,,,
food,,,
food,,,
food,,,
food,,,
food,,,
food,,,
food,,,
food,,,
food,,,
food,,,
food,,,
food,,,
food,,,
food,,,
food,,,
food,,,
food,,,
food,,,
food,,,
food,,,
food,,,
food,,,
food,,,
food,,,
food,,,
food,,,
food,,,
food,,,
food,,,
food,,,
food,,,
food,,,
food,,,
food,,,
food,,,
food,,,
food,,,
food,,,
food,,,
food,,,
food,,,
food,,,
food,,,
food,,,
food,,,
food,,,
food,,,
food,,,
food,,,
food,,,
food,,,
food,,,
food,,,
food,,,
food,,,
food,,,
food,,,
food,,,
food,,,
food,,,
food,,,
food,,,
food,,,
food,,,
food,,,
food,,,
food,,,
food,,,
food,,,
food,,,
food,,,
food,,,
food,,,
food,,,
food,,,
food,,,
food,,,
food,,,
food,,,
food,,,
food,,,
food,,,
food,,,
food,,,
food,,,
food,,,
food,,,
food,,,
food,,,
food,,,
food,,,
food,,,
food,,,
food,,,
food,,,
food,,,
food,,,
food,,,
food,,,
food,,,
food,,,
food,,,
food,,,
food,,,
food,,,
food,,,
food,,,
food,,,
food,,,
food,,,
food,,,
food,,,
food,,,
food,,,
food,,,
food,,,
food,,,
food,,,
food,,,
food,,,
food,,,
food,,,
food,,,
food,,,
food,,,
food,,,
food,,,
food,,,
food,,,
food,,,
food,,,
food,,,
food,,,
food,,,
food,,,
food,,,
food,,,
food,,,
food,,,
food,,,
food,,,
food,,,
food,,,
food,,,
food,,,
food,,,
food,,,
food,,,
food,,,
food,,,
food,,,
food,,,
food,,,
food,,,
food,,,
food,,,
food,,,
food,,,
food,,,
food,,,
food,,,
food,,,
food,,,
food,,,
food,,,
food,,,
food,,,
food,,,
food,,,
food,,,
food,,,
food,,,
food,,,
food,,,
food,,,
food,,,
food,,,
food,,,
food,,,
food,,,
food,,,
food,,,
food,,,
food,,,
food,,,
food,,,
food,,,
food,,,
food,,,
food,,,
food,,,
food,,,
food,,,
food,,,
food,,,
food,,,
food,,,
food,,,
food,,,
food,,,
food,,,
food,,,
food,,,
food,,,
food,,,
food,,,
food,,,
food,,,
food,,,
food,,,
food,,,
food,,,
furniture,Cama,Banco,Cama
furniture,Cama,Silla,Silla
furniture,Cama,Mecedora,Cama
furniture,Cama,Estante,Cama
furniture,Cama,Banqueta,Cama
furniture,Cama,Escritor,Cama
furniture,Banco,Silla,Silla
furniture,Banco,Mecedora,Mecedora
furniture,Banco,Estante,Estante
furniture,Banco,Banqueta,Banco
furniture,Banco,Escritor,Banco
furniture,Silla,Mecedora,Silla
furniture,Silla,Estante,Silla
furniture,Silla,Banqueta,Silla
furniture,Silla,Escritor,Silla
furniture,Mecedora,Estante,Estante
furniture,Mecedora,Banqueta,Banqueta
furniture,Mecedora,Escritor,Mecedora
furniture,Estante,Banqueta,Estante
furniture,Estante,Escritor,Estante
furniture,Banqueta,Escritor,Banqueta
mammal,Oso,Toro,Toro
mammal,Oso,Camello,Oso
mammal,Oso,Gato,Gato
mammal,Oso,Guepardo,Oso
mammal,Oso,Vaca,Vaca
mammal,Oso,Ciervo,Ciervo
mammal,Oso,Perro,Perro
mammal,Oso,Delfín,Oso
mammal,Oso,Elefante,Elefante
mammal,Oso,Zorro,Zorro
mammal,Oso,Jirafa,Oso
mammal,Oso,Cabra,Cabra
mammal,Oso,Hamster,Hamster
mammal,Oso,Hipopótamo,Oso
mammal,Oso,Caballo,Caballo
mammal,Oso,Canguro,Oso
mammal,Oso,Leopardo,Oso
mammal,Oso,León,León
mammal,Oso,mono/s,mono/s
mammal,Oso,Ratón,Ratón
mammal,Oso,Cerdo,Cerdo
mammal,Oso,Rata,Rata
mammal,Oso,Rinoceronte,Oso
mammal,Oso,Foca,Oso
mammal,Oso,Oveja,Oveja
mammal,Oso,Ardilla,Ardilla
mammal,Oso,Tigre,Tigre
mammal,Oso,Ballena,Oso
mammal,Oso,Lobo,Lobo
mammal,Oso,Cebra,Cebra
mammal,Oso,,Oso
mammal,Oso,,Oso
mammal,Oso,,Oso
mammal,Oso,,Oso
mammal,Oso,,Oso
mammal,Oso,,Oso
mammal,Oso,,Oso
mammal,Oso,,Oso
mammal,Oso,,Oso
mammal,Oso,,Oso
mammal,Oso,,Oso
mammal,Oso,,Oso
mammal,Toro,Camello,Toro
mammal,Toro,Gato,Gato
mammal,Toro,Guepardo,Guepardo
mammal,Toro,Vaca,Vaca
mammal,Toro,Ciervo,Ciervo
mammal,Toro,Perro,Perro
mammal,Toro,Delfín,Toro
mammal,Toro,Elefante,Elefante
mammal,Toro,Zorro,Zorro
mammal,Toro,Jirafa,Toro
mammal,Toro,Cabra,Cabra
mammal,Toro,Hamster,Hamster
mammal,Toro,Hipopótamo,Toro
mammal,Toro,Caballo,Caballo
mammal,Toro,Canguro,Toro
mammal,Toro,Leopardo,Leopardo
mammal,Toro,León,León
mammal,Toro,mono/s,mono/s
mammal,Toro,Ratón,Ratón
mammal,Toro,Cerdo,Cerdo
mammal,Toro,Rata,Rata
mammal,Toro,Rinoceronte,Toro
mammal,Toro,Foca,Toro
mammal,Toro,Oveja,Oveja
mammal,Toro,Ardilla,Ardilla
mammal,Toro,Tigre,Tigre
mammal,Toro,Ballena,Toro
mammal,Toro,Lobo,Lobo
mammal,Toro,Cebra,Cebra
mammal,Toro,,Toro
mammal,Toro,,Toro
mammal,Toro,,Toro
mammal,Toro,,Toro
mammal,Toro,,Toro
mammal,Toro,,Toro
mammal,Toro,,Toro
mammal,Toro,,Toro
mammal,Toro,,Toro
mammal,Toro,,Toro
mammal,Toro,,Toro
mammal,Toro,,Toro
mammal,Camello,Gato,Gato
mammal,Camello,Guepardo,Guepardo
mammal,Camello,Vaca,Vaca
mammal,Camello,Ciervo,Ciervo
mammal,Camello,Perro,Perro
mammal,Camello,Delfín,Delfín
mammal,Camello,Elefante,Elefante
mammal,Camello,Zorro,Zorro
mammal,Camello,Jirafa,Jirafa
mammal,Camello,Cabra,Cabra
mammal,Camello,Hamster,Hamster
mammal,Camello,Hipopótamo,Camello
mammal,Camello,Caballo,Caballo
mammal,Camello,Canguro,Canguro
mammal,Camello,Leopardo,Leopardo
mammal,Camello,León,León
mammal,Camello,mono/s,mono/s
mammal,Camello,Ratón,Ratón
mammal,Camello,Cerdo,Cerdo
mammal,Camello,Rata,Rata
mammal,Camello,Rinoceronte,Rinoceronte
mammal,Camello,Foca,Foca
mammal,Camello,Oveja,Oveja
mammal,Camello,Ardilla,Ardilla
mammal,Camello,Tigre,Tigre
mammal,Camello,Ballena,Camello
mammal,Camello,Lobo,Lobo
mammal,Camello,Cebra,Cebra
mammal,Camello,,Camello
mammal,Camello,,Camello
mammal,Camello,,Camello
mammal,Camello,,Camello
mammal,Camello,,Camello
mammal,Camello,,Camello
mammal,Camello,,Camello
mammal,Camello,,Camello
mammal,Camello,,Camello
mammal,Camello,,Camello
mammal,Camello,,Camello
mammal,Camello,,Camello
mammal,Gato,Guepardo,Gato
mammal,Gato,Vaca,Gato
mammal,Gato,Ciervo,Gato
mammal,Gato,Perro,Perro
mammal,Gato,Delfín,Gato
mammal,Gato,Elefante,Gato
mammal,Gato,Zorro,Gato
mammal,Gato,Jirafa,Gato
mammal,Gato,Cabra,Gato
mammal,Gato,Hamster,Gato
mammal,Gato,Hipopótamo,Gato
mammal,Gato,Caballo,Gato
mammal,Gato,Canguro,Gato
mammal,Gato,Leopardo,Gato
mammal,Gato,León,Gato
mammal,Gato,mono/s,Gato
mammal,Gato,Ratón,Gato
mammal,Gato,Cerdo,Gato
mammal,Gato,Rata,Gato
mammal,Gato,Rinoceronte,Gato
mammal,Gato,Foca,Gato
mammal,Gato,Oveja,Gato
mammal,Gato,Ardilla,Gato
mammal,Gato,Tigre,Gato
mammal,Gato,Ballena,Gato
mammal,Gato,Lobo,Gato
mammal,Gato,Cebra,Gato
mammal,Gato,,Gato
mammal,Gato,,Gato
mammal,Gato,,Gato
mammal,Gato,,Gato
mammal,Gato,,Gato
mammal,Gato,,Gato
mammal,Gato,,Gato
mammal,Gato,,Gato
mammal,Gato,,Gato
mammal,Gato,,Gato
mammal,Gato,,Gato
mammal,Gato,,Gato
mammal,Guepardo,Vaca,Vaca
mammal,Guepardo,Ciervo,Ciervo
mammal,Guepardo,Perro,Perro
mammal,Guepardo,Delfín,Guepardo
mammal,Guepardo,Elefante,Elefante
mammal,Guepardo,Zorro,Zorro
mammal,Guepardo,Jirafa,Jirafa
mammal,Guepardo,Cabra,Cabra
mammal,Guepardo,Hamster,Hamster
mammal,Guepardo,Hipopótamo,Guepardo
mammal,Guepardo,Caballo,Caballo
mammal,Guepardo,Canguro,Guepardo
mammal,Guepardo,Leopardo,Leopardo
mammal,Guepardo,León,León
mammal,Guepardo,mono/s,mono/s
mammal,Guepardo,Ratón,Ratón
mammal,Guepardo,Cerdo,Cerdo
mammal,Guepardo,Rata,Rata
mammal,Guepardo,Rinoceronte,Rinoceronte
mammal,Guepardo,Foca,Foca
mammal,Guepardo,Oveja,Oveja
mammal,Guepardo,Ardilla,Ardilla
mammal,Guepardo,Tigre,Tigre
mammal,Guepardo,Ballena,Guepardo
mammal,Guepardo,Lobo,Lobo
mammal,Guepardo,Cebra,Cebra
mammal,Guepardo,,Guepardo
mammal,Guepardo,,Guepardo
mammal,Guepardo,,Guepardo
mammal,Guepardo,,Guepardo
mammal,Guepardo,,Guepardo
mammal,Guepardo,,Guepardo
mammal,Guepardo,,Guepardo
mammal,Guepardo,,Guepardo
mammal,Guepardo,,Guepardo
mammal,Guepardo,,Guepardo
mammal,Guepardo,,Guepardo
mammal,Guepardo,,Guepardo
mammal,Vaca,Ciervo,Vaca
mammal,Vaca,Perro,Perro
mammal,Vaca,Delfín,Vaca
mammal,Vaca,Elefante,Vaca
mammal,Vaca,Zorro,Vaca
mammal,Vaca,Jirafa,Vaca
mammal,Vaca,Cabra,Vaca
mammal,Vaca,Hamster,Vaca
mammal,Vaca,Hipopótamo,Vaca
mammal,Vaca,Caballo,Caballo
mammal,Vaca,Canguro,Vaca
mammal,Vaca,Leopardo,Vaca
mammal,Vaca,León,Vaca
mammal,Vaca,mono/s,mono/s
mammal,Vaca,Ratón,Vaca
mammal,Vaca,Cerdo,Vaca
mammal,Vaca,Rata,Vaca
mammal,Vaca,Rinoceronte,Vaca
mammal,Vaca,Foca,Vaca
mammal,Vaca,Oveja,Vaca
mammal,Vaca,Ardilla,Vaca
mammal,Vaca,Tigre,Vaca
mammal,Vaca,Ballena,Vaca
mammal,Vaca,Lobo,Vaca
mammal,Vaca,Cebra,Vaca
mammal,Vaca,,Vaca
mammal,Vaca,,Vaca
mammal,Vaca,,Vaca
mammal,Vaca,,Vaca
mammal,Vaca,,Vaca
mammal,Vaca,,Vaca
mammal,Vaca,,Vaca
mammal,Vaca,,Vaca
mammal,Vaca,,Vaca
mammal,Vaca,,Vaca
mammal,Vaca,,Vaca
mammal,Vaca,,Vaca
mammal,Ciervo,Perro,Perro
mammal,Ciervo,Delfín,Ciervo
mammal,Ciervo,Elefante,Elefante
mammal,Ciervo,Zorro,Zorro
mammal,Ciervo,Jirafa,Ciervo
mammal,Ciervo,Cabra,Cabra
mammal,Ciervo,Hamster,Hamster
mammal,Ciervo,Hipopótamo,Ciervo
mammal,Ciervo,Caballo,Caballo
mammal,Ciervo,Canguro,Ciervo
mammal,Ciervo,Leopardo,Ciervo
mammal,Ciervo,León,León
mammal,Ciervo,mono/s,mono/s
mammal,Ciervo,Ratón,Ratón
mammal,Ciervo,Cerdo,Cerdo
mammal,Ciervo,Rata,Rata
mammal,Ciervo,Rinoceronte,Ciervo
mammal,Ciervo,Foca,Ciervo
mammal,Ciervo,Oveja,Oveja
mammal,Ciervo,Ardilla,Ardilla
mammal,Ciervo,Tigre,Ciervo
mammal,Ciervo,Ballena,Ciervo
mammal,Ciervo,Lobo,Lobo
mammal,Ciervo,Cebra,Ciervo
mammal,Ciervo,,Ciervo
mammal,Ciervo,,Ciervo
mammal,Ciervo,,Ciervo
mammal,Ciervo,,Ciervo
mammal,Ciervo,,Ciervo
mammal,Ciervo,,Ciervo
mammal,Ciervo,,Ciervo
mammal,Ciervo,,Ciervo
mammal,Ciervo,,Ciervo
mammal,Ciervo,,Ciervo
mammal,Ciervo,,Ciervo
mammal,Ciervo,,Ciervo
mammal,Perro,Delfín,Perro
mammal,Perro,Elefante,Perro
mammal,Perro,Zorro,Perro
mammal,Perro,Jirafa,Perro
mammal,Perro,Cabra,Perro
mammal,Perro,Hamster,Perro
mammal,Perro,Hipopótamo,Perro
mammal,Perro,Caballo,Perro
mammal,Perro,Canguro,Perro
mammal,Perro,Leopardo,Perro
mammal,Perro,León,Perro
mammal,Perro,mono/s,Perro
mammal,Perro,Ratón,Perro
mammal,Perro,Cerdo,Perro
mammal,Perro,Rata,Perro
mammal,Perro,Rinoceronte,Perro
mammal,Perro,Foca,Perro
mammal,Perro,Oveja,Perro
mammal,Perro,Ardilla,Perro
mammal,Perro,Tigre,Perro
mammal,Perro,Ballena,Perro
mammal,Perro,Lobo,Perro
mammal,Perro,Cebra,Perro
mammal,Perro,,Perro
mammal,Perro,,Perro
mammal,Perro,,Perro
mammal,Perro,,Perro
mammal,Perro,,Perro
mammal,Perro,,Perro
mammal,Perro,,Perro
mammal,Perro,,Perro
mammal,Perro,,Perro
mammal,Perro,,Perro
mammal,Perro,,Perro
mammal,Perro,,Perro
mammal,Delfín,Elefante,Elefante
mammal,Delfín,Zorro,Zorro
mammal,Delfín,Jirafa,Jirafa
mammal,Delfín,Cabra,Cabra
mammal,Delfín,Hamster,Hamster
mammal,Delfín,Hipopótamo,Hipopótamo
mammal,Delfín,Caballo,Caballo
mammal,Delfín,Canguro,Canguro
mammal,Delfín,Leopardo,Leopardo
mammal,Delfín,León,León
mammal,Delfín,mono/s,mono/s
mammal,Delfín,Ratón,Ratón
mammal,Delfín,Cerdo,Cerdo
mammal,Delfín,Rata,Rata
mammal,Delfín,Rinoceronte,Rinoceronte
mammal,Delfín,Foca,Foca
mammal,Delfín,Oveja,Oveja
mammal,Delfín,Ardilla,Ardilla
mammal,Delfín,Tigre,Tigre
mammal,Delfín,Ballena,Ballena
mammal,Delfín,Lobo,Lobo
mammal,Delfín,Cebra,Cebra
mammal,Delfín,,Delfín
mammal,Delfín,,Delfín
mammal,Delfín,,Delfín
mammal,Delfín,,Delfín
mammal,Delfín,,Delfín
mammal,Delfín,,Delfín
mammal,Delfín,,Delfín
mammal,Delfín,,Delfín
mammal,Delfín,,Delfín
mammal,Delfín,,Delfín
mammal,Delfín,,Delfín
mammal,Delfín,,Delfín
mammal,Elefante,Zorro,Zorro
mammal,Elefante,Jirafa,Elefante
mammal,Elefante,Cabra,Cabra
mammal,Elefante,Hamster,Hamster
mammal,Elefante,Hipopótamo,Elefante
mammal,Elefante,Caballo,Caballo
mammal,Elefante,Canguro,Elefante
mammal,Elefante,Leopardo,Leopardo
mammal,Elefante,León,León
mammal,Elefante,mono/s,mono/s
mammal,Elefante,Ratón,Ratón
mammal,Elefante,Cerdo,Cerdo
mammal,Elefante,Rata,Rata
mammal,Elefante,Rinoceronte,Elefante
mammal,Elefante,Foca,Elefante
mammal,Elefante,Oveja,Oveja
mammal,Elefante,Ardilla,Ardilla
mammal,Elefante,Tigre,Tigre
mammal,Elefante,Ballena,Elefante
mammal,Elefante,Lobo,Lobo
mammal,Elefante,Cebra,Cebra
mammal,Elefante,,Elefante
mammal,Elefante,,Elefante
mammal,Elefante,,Elefante
mammal,Elefante,,Elefante
mammal,Elefante,,Elefante
mammal,Elefante,,Elefante
mammal,Elefante,,Elefante
mammal,Elefante,,Elefante
mammal,Elefante,,Elefante
mammal,Elefante,,Elefante
mammal,Elefante,,Elefante
mammal,Elefante,,Elefante
mammal,Zorro,Jirafa,Zorro
mammal,Zorro,Cabra,Cabra
mammal,Zorro,Hamster,Hamster
mammal,Zorro,Hipopótamo,Zorro
mammal,Zorro,Caballo,Caballo
mammal,Zorro,Canguro,Zorro
mammal,Zorro,Leopardo,Zorro
mammal,Zorro,León,León
mammal,Zorro,mono/s,mono/s
mammal,Zorro,Ratón,Ratón
mammal,Zorro,Cerdo,Cerdo
mammal,Zorro,Rata,Rata
mammal,Zorro,Rinoceronte,Zorro
mammal,Zorro,Foca,Zorro
mammal,Zorro,Oveja,Oveja
mammal,Zorro,Ardilla,Ardilla
mammal,Zorro,Tigre,Tigre
mammal,Zorro,Ballena,Zorro
mammal,Zorro,Lobo,Lobo
mammal,Zorro,Cebra,Cebra
mammal,Zorro,,Zorro
mammal,Zorro,,Zorro
mammal,Zorro,,Zorro
mammal,Zorro,,Zorro
mammal,Zorro,,Zorro
mammal,Zorro,,Zorro
mammal,Zorro,,Zorro
mammal,Zorro,,Zorro
mammal,Zorro,,Zorro
mammal,Zorro,,Zorro
mammal,Zorro,,Zorro
mammal,Zorro,,Zorro
mammal,Jirafa,Cabra,Cabra
mammal,Jirafa,Hamster,Hamster
mammal,Jirafa,Hipopótamo,Jirafa
mammal,Jirafa,Caballo,Caballo
mammal,Jirafa,Canguro,Canguro
mammal,Jirafa,Leopardo,Leopardo
mammal,Jirafa,León,León
mammal,Jirafa,mono/s,mono/s
mammal,Jirafa,Ratón,Ratón
mammal,Jirafa,Cerdo,Cerdo
mammal,Jirafa,Rata,Rata
mammal,Jirafa,Rinoceronte,Rinoceronte
mammal,Jirafa,Foca,Jirafa
mammal,Jirafa,Oveja,Oveja
mammal,Jirafa,Ardilla,Ardilla
mammal,Jirafa,Tigre,Tigre
mammal,Jirafa,Ballena,Jirafa
mammal,Jirafa,Lobo,Lobo
mammal,Jirafa,Cebra,Cebra
mammal,Jirafa,,Jirafa
mammal,Jirafa,,Jirafa
mammal,Jirafa,,Jirafa
mammal,Jirafa,,Jirafa
mammal,Jirafa,,Jirafa
mammal,Jirafa,,Jirafa
mammal,Jirafa,,Jirafa
mammal,Jirafa,,Jirafa
mammal,Jirafa,,Jirafa
mammal,Jirafa,,Jirafa
mammal,Jirafa,,Jirafa
mammal,Jirafa,,Jirafa
mammal,Cabra,Hamster,Hamster
mammal,Cabra,Hipopótamo,Cabra
mammal,Cabra,Caballo,Caballo
mammal,Cabra,Canguro,Cabra
mammal,Cabra,Leopardo,Cabra
mammal,Cabra,León,Cabra
mammal,Cabra,mono/s,mono/s
mammal,Cabra,Ratón,Ratón
mammal,Cabra,Cerdo,Cerdo
mammal,Cabra,Rata,Rata
mammal,Cabra,Rinoceronte,Cabra
mammal,Cabra,Foca,Cabra
mammal,Cabra,Oveja,Oveja
mammal,Cabra,Ardilla,Ardilla
mammal,Cabra,Tigre,Cabra
mammal,Cabra,Ballena,Cabra
mammal,Cabra,Lobo,Lobo
mammal,Cabra,Cebra,Cabra
mammal,Cabra,,Cabra
mammal,Cabra,,Cabra
mammal,Cabra,,Cabra
mammal,Cabra,,Cabra
mammal,Cabra,,Cabra
mammal,Cabra,,Cabra
mammal,Cabra,,Cabra
mammal,Cabra,,Cabra
mammal,Cabra,,Cabra
mammal,Cabra,,Cabra
mammal,Cabra,,Cabra
mammal,Cabra,,Cabra
mammal,Hamster,Hipopótamo,Hamster
mammal,Hamster,Caballo,Caballo
mammal,Hamster,Canguro,Hamster
mammal,Hamster,Leopardo,Hamster
mammal,Hamster,León,Hamster
mammal,Hamster,mono/s,mono/s
mammal,Hamster,Ratón,Ratón
mammal,Hamster,Cerdo,Hamster
mammal,Hamster,Rata,Rata
mammal,Hamster,Rinoceronte,Hamster
mammal,Hamster,Foca,Hamster
mammal,Hamster,Oveja,Oveja
mammal,Hamster,Ardilla,Ardilla
mammal,Hamster,Tigre,Tigre
mammal,Hamster,Ballena,Hamster
mammal,Hamster,Lobo,Lobo
mammal,Hamster,Cebra,Cebra
mammal,Hamster,,Hamster
mammal,Hamster,,Hamster
mammal,Hamster,,Hamster
mammal,Hamster,,Hamster
mammal,Hamster,,Hamster
mammal,Hamster,,Hamster
mammal,Hamster,,Hamster
mammal,Hamster,,Hamster
mammal,Hamster,,Hamster
mammal,Hamster,,Hamster
mammal,Hamster,,Hamster
mammal,Hamster,,Hamster
mammal,Hipopótamo,Caballo,Caballo
mammal,Hipopótamo,Canguro,Canguro
mammal,Hipopótamo,Leopardo,Leopardo
mammal,Hipopótamo,León,León
mammal,Hipopótamo,mono/s,mono/s
mammal,Hipopótamo,Ratón,Ratón
mammal,Hipopótamo,Cerdo,Cerdo
mammal,Hipopótamo,Rata,Rata
mammal,Hipopótamo,Rinoceronte,Rinoceronte
mammal,Hipopótamo,Foca,Foca
mammal,Hipopótamo,Oveja,Oveja
mammal,Hipopótamo,Ardilla,Ardilla
mammal,Hipopótamo,Tigre,Tigre
mammal,Hipopótamo,Ballena,Ballena
mammal,Hipopótamo,Lobo,Lobo
mammal,Hipopótamo,Cebra,Cebra
mammal,Hipopótamo,,Hipopótamo
mammal,Hipopótamo,,Hipopótamo
mammal,Hipopótamo,,Hipopótamo
mammal,Hipopótamo,,Hipopótamo
mammal,Hipopótamo,,Hipopótamo
mammal,Hipopótamo,,Hipopótamo
mammal,Hipopótamo,,Hipopótamo
mammal,Hipopótamo,,Hipopótamo
mammal,Hipopótamo,,Hipopótamo
mammal,Hipopótamo,,Hipopótamo
mammal,Hipopótamo,,Hipopótamo
mammal,Hipopótamo,,Hipopótamo
mammal,Caballo,Canguro,Caballo
mammal,Caballo,Leopardo,Caballo
mammal,Caballo,León,Caballo
mammal,Caballo,mono/s,Caballo
mammal,Caballo,Ratón,Ratón
mammal,Caballo,Cerdo,Caballo
mammal,Caballo,Rata,Caballo
mammal,Caballo,Rinoceronte,Caballo
mammal,Caballo,Foca,Caballo
mammal,Caballo,Oveja,Caballo
mammal,Caballo,Ardilla,Caballo
mammal,Caballo,Tigre,Caballo
mammal,Caballo,Ballena,Caballo
mammal,Caballo,Lobo,Caballo
mammal,Caballo,Cebra,Caballo
mammal,Caballo,,Caballo
mammal,Caballo,,Caballo
mammal,Caballo,,Caballo
mammal,Caballo,,Caballo
mammal,Caballo,,Caballo
mammal,Caballo,,Caballo
mammal,Caballo,,Caballo
mammal,Caballo,,Caballo
mammal,Caballo,,Caballo
mammal,Caballo,,Caballo
mammal,Caballo,,Caballo
mammal,Caballo,,Caballo
mammal,Canguro,Leopardo,Leopardo
mammal,Canguro,León,León
mammal,Canguro,mono/s,mono/s
mammal,Canguro,Ratón,Ratón
mammal,Canguro,Cerdo,Cerdo
mammal,Canguro,Rata,Rata
mammal,Canguro,Rinoceronte,Rinoceronte
mammal,Canguro,Foca,Foca
mammal,Canguro,Oveja,Oveja
mammal,Canguro,Ardilla,Ardilla
mammal,Canguro,Tigre,Tigre
mammal,Canguro,Ballena,Ballena
mammal,Canguro,Lobo,Lobo
mammal,Canguro,Cebra,Cebra
mammal,Canguro,,Canguro
mammal,Canguro,,Canguro
mammal,Canguro,,Canguro
mammal,Canguro,,Canguro
mammal,Canguro,,Canguro
mammal,Canguro,,Canguro
mammal,Canguro,,Canguro
mammal,Canguro,,Canguro
mammal,Canguro,,Canguro
mammal,Canguro,,Canguro
mammal,Canguro,,Canguro
mammal,Canguro,,Canguro
mammal,Leopardo,León,León
mammal,Leopardo,mono/s,mono/s
mammal,Leopardo,Ratón,Ratón
mammal,Leopardo,Cerdo,Cerdo
mammal,Leopardo,Rata,Rata
mammal,Leopardo,Rinoceronte,Leopardo
mammal,Leopardo,Foca,Leopardo
mammal,Leopardo,Oveja,Oveja
mammal,Leopardo,Ardilla,Ardilla
mammal,Leopardo,Tigre,Tigre
mammal,Leopardo,Ballena,Leopardo
mammal,Leopardo,Lobo,Lobo
mammal,Leopardo,Cebra,Cebra
mammal,Leopardo,,Leopardo
mammal,Leopardo,,Leopardo
mammal,Leopardo,,Leopardo
mammal,Leopardo,,Leopardo
mammal,Leopardo,,Leopardo
mammal,Leopardo,,Leopardo
mammal,Leopardo,,Leopardo
mammal,Leopardo,,Leopardo
mammal,Leopardo,,Leopardo
mammal,Leopardo,,Leopardo
mammal,Leopardo,,Leopardo
mammal,Leopardo,,Leopardo
mammal,León,mono/s,mono/s
mammal,León,Ratón,Ratón
mammal,León,Cerdo,Cerdo
mammal,León,Rata,Rata
mammal,León,Rinoceronte,León
mammal,León,Foca,León
mammal,León,Oveja,Oveja
mammal,León,Ardilla,Ardilla
mammal,León,Tigre,León
mammal,León,Ballena,León
mammal,León,Lobo,Lobo
mammal,León,Cebra,Cebra
mammal,León,,León
mammal,León,,León
mammal,León,,León
mammal,León,,León
mammal,León,,León
mammal,León,,León
mammal,León,,León
mammal,León,,León
mammal,León,,León
mammal,León,,León
mammal,León,,León
mammal,León,,León
mammal,mono/s,Ratón,mono/s
mammal,mono/s,Cerdo,mono/s
mammal,mono/s,Rata,mono/s
mammal,mono/s,Rinoceronte,mono/s
mammal,mono/s,Foca,mono/s
mammal,mono/s,Oveja,mono/s
mammal,mono/s,Ardilla,mono/s
mammal,mono/s,Tigre,mono/s
mammal,mono/s,Ballena,mono/s
mammal,mono/s,Lobo,mono/s
mammal,mono/s,Cebra,mono/s
mammal,mono/s,,mono/s
mammal,mono/s,,mono/s
mammal,mono/s,,mono/s
mammal,mono/s,,mono/s
mammal,mono/s,,mono/s
mammal,mono/s,,mono/s
mammal,mono/s,,mono/s
mammal,mono/s,,mono/s
mammal,mono/s,,mono/s
mammal,mono/s,,mono/s
mammal,mono/s,,mono/s
mammal,mono/s,,mono/s
mammal,Ratón,Cerdo,Cerdo
mammal,Ratón,Rata,Ratón
mammal,Ratón,Rinoceronte,Ratón
mammal,Ratón,Foca,Ratón
mammal,Ratón,Oveja,Oveja
mammal,Ratón,Ardilla,Ardilla
mammal,Ratón,Tigre,Tigre
mammal,Ratón,Ballena,Ratón
mammal,Ratón,Lobo,Lobo
mammal,Ratón,Cebra,Ratón
mammal,Ratón,,Ratón
mammal,Ratón,,Ratón
mammal,Ratón,,Ratón
mammal,Ratón,,Ratón
mammal,Ratón,,Ratón
mammal,Ratón,,Ratón
mammal,Ratón,,Ratón
mammal,Ratón,,Ratón
mammal,Ratón,,Ratón
mammal,Ratón,,Ratón
mammal,Ratón,,Ratón
mammal,Ratón,,Ratón
mammal,Cerdo,Rata,Rata
mammal,Cerdo,Rinoceronte,Cerdo
mammal,Cerdo,Foca,Cerdo
mammal,Cerdo,Oveja,Oveja
mammal,Cerdo,Ardilla,Ardilla
mammal,Cerdo,Tigre,Tigre
mammal,Cerdo,Ballena,Cerdo
mammal,Cerdo,Lobo,Lobo
mammal,Cerdo,Cebra,Cebra
mammal,Cerdo,,Cerdo
mammal,Cerdo,,Cerdo
mammal,Cerdo,,Cerdo
mammal,Cerdo,,Cerdo
mammal,Cerdo,,Cerdo
mammal,Cerdo,,Cerdo
mammal,Cerdo,,Cerdo
mammal,Cerdo,,Cerdo
mammal,Cerdo,,Cerdo
mammal,Cerdo,,Cerdo
mammal,Cerdo,,Cerdo
mammal,Cerdo,,Cerdo
mammal,Rata,Rinoceronte,Rata
mammal,Rata,Foca,Rata
mammal,Rata,Oveja,Oveja
mammal,Rata,Ardilla,Ardilla
mammal,Rata,Tigre,Tigre
mammal,Rata,Ballena,Rata
mammal,Rata,Lobo,Lobo
mammal,Rata,Cebra,Cebra
mammal,Rata,,Rata
mammal,Rata,,Rata
mammal,Rata,,Rata
mammal,Rata,,Rata
mammal,Rata,,Rata
mammal,Rata,,Rata
mammal,Rata,,Rata
mammal,Rata,,Rata
mammal,Rata,,Rata
mammal,Rata,,Rata
mammal,Rata,,Rata
mammal,Rata,,Rata
mammal,Rinoceronte,Foca,Foca
mammal,Rinoceronte,Oveja,Oveja
mammal,Rinoceronte,Ardilla,Ardilla
mammal,Rinoceronte,Tigre,Tigre
mammal,Rinoceronte,Ballena,Rinoceronte
mammal,Rinoceronte,Lobo,Lobo
mammal,Rinoceronte,Cebra,Cebra
mammal,Rinoceronte,,Rinoceronte
mammal,Rinoceronte,,Rinoceronte
mammal,Rinoceronte,,Rinoceronte
mammal,Rinoceronte,,Rinoceronte
mammal,Rinoceronte,,Rinoceronte
mammal,Rinoceronte,,Rinoceronte
mammal,Rinoceronte,,Rinoceronte
mammal,Rinoceronte,,Rinoceronte
mammal,Rinoceronte,,Rinoceronte
mammal,Rinoceronte,,Rinoceronte
mammal,Rinoceronte,,Rinoceronte
mammal,Rinoceronte,,Rinoceronte
mammal,Foca,Oveja,Oveja
mammal,Foca,Ardilla,Ardilla
mammal,Foca,Tigre,Tigre
mammal,Foca,Ballena,Foca
mammal,Foca,Lobo,Lobo
mammal,Foca,Cebra,Cebra
mammal,Foca,,Foca
mammal,Foca,,Foca
mammal,Foca,,Foca
mammal,Foca,,Foca
mammal,Foca,,Foca
mammal,Foca,,Foca
mammal,Foca,,Foca
mammal,Foca,,Foca
mammal,Foca,,Foca
mammal,Foca,,Foca
mammal,Foca,,Foca
mammal,Foca,,Foca
mammal,Oveja,Ardilla,Oveja
mammal,Oveja,Tigre,Oveja
mammal,Oveja,Ballena,Oveja
mammal,Oveja,Lobo,Oveja
mammal,Oveja,Cebra,Oveja
mammal,Oveja,,Oveja
mammal,Oveja,,Oveja
mammal,Oveja,,Oveja
mammal,Oveja,,Oveja
mammal,Oveja,,Oveja
mammal,Oveja,,Oveja
mammal,Oveja,,Oveja
mammal,Oveja,,Oveja
mammal,Oveja,,Oveja
mammal,Oveja,,Oveja
mammal,Oveja,,Oveja
mammal,Oveja,,Oveja
mammal,Ardilla,Tigre,Tigre
mammal,Ardilla,Ballena,Ardilla
mammal,Ardilla,Lobo,Lobo
mammal,Ardilla,Cebra,Ardilla
mammal,Ardilla,,Ardilla
mammal,Ardilla,,Ardilla
mammal,Ardilla,,Ardilla
mammal,Ardilla,,Ardilla
mammal,Ardilla,,Ardilla
mammal,Ardilla,,Ardilla
mammal,Ardilla,,Ardilla
mammal,Ardilla,,Ardilla
mammal,Ardilla,,Ardilla
mammal,Ardilla,,Ardilla
mammal,Ardilla,,Ardilla
mammal,Ardilla,,Ardilla
mammal,Tigre,Ballena,Tigre
mammal,Tigre,Lobo,Lobo
mammal,Tigre,Cebra,Cebra
mammal,Tigre,,Tigre
mammal,Tigre,,Tigre
mammal,Tigre,,Tigre
mammal,Tigre,,Tigre
mammal,Tigre,,Tigre
mammal,Tigre,,Tigre
mammal,Tigre,,Tigre
mammal,Tigre,,Tigre
mammal,Tigre,,Tigre
mammal,Tigre,,Tigre
mammal,Tigre,,Tigre
mammal,Tigre,,Tigre
mammal,Ballena,Lobo,Lobo
mammal,Ballena,Cebra,Cebra
mammal,Ballena,,Ballena
mammal,Ballena,,Ballena
mammal,Ballena,,Ballena
mammal,Ballena,,Ballena
mammal,Ballena,,Ballena
mammal,Ballena,,Ballena
mammal,Ballena,,Ballena
mammal,Ballena,,Ballena
mammal,Ballena,,Ballena
mammal,Ballena,,Ballena
mammal,Ballena,,Ballena
mammal,Ballena,,Ballena
mammal,Lobo,Cebra,Cebra
mammal,Lobo,,Lobo
mammal,Lobo,,Lobo
mammal,Lobo,,Lobo
mammal,Lobo,,Lobo
mammal,Lobo,,Lobo
mammal,Lobo,,Lobo
mammal,Lobo,,Lobo
mammal,Lobo,,Lobo
mammal,Lobo,,Lobo
mammal,Lobo,,Lobo
mammal,Lobo,,Lobo
mammal,Lobo,,Lobo
mammal,Cebra,,Cebra
mammal,Cebra,,Cebra
mammal,Cebra,,Cebra
mammal,Cebra,,Cebra
mammal,Cebra,,Cebra
mammal,Cebra,,Cebra
mammal,Cebra,,Cebra
mammal,Cebra,,Cebra
mammal,Cebra,,Cebra
mammal,Cebra,,Cebra
mammal,Cebra,,Cebra
mammal,Cebra,,Cebra
mammal,,,
mammal,,,
mammal,,,
mammal,,,
mammal,,,
mammal,,,
mammal,,,
mammal,,,
mammal,,,
mammal,,,
mammal,,,
mammal,,,
mammal,,,
mammal,,,
mammal,,,
mammal,,,
mammal,,,
mammal,,,
mammal,,,
mammal,,,
mammal,,,
mammal,,,
mammal,,,
mammal,,,
mammal,,,
mammal,,,
mammal,,,
mammal,,,
mammal,,,
mammal,,,
mammal,,,
mammal,,,
mammal,,,
mammal,,,
mammal,,,
mammal,,,
mammal,,,
mammal,,,
mammal,,,
mammal,,,
mammal,,,
mammal,,,
mammal,,,
mammal,,,
mammal,,,
mammal,,,
mammal,,,
mammal,,,
mammal,,,
mammal,,,
mammal,,,
mammal,,,
mammal,,,
mammal,,,
mammal,,,
mammal,,,
mammal,,,
mammal,,,
mammal,,,
mammal,,,
mammal,,,
mammal,,,
mammal,,,
mammal,,,
mammal,,,
mammal,,,
musical instrument,,,
musical instrument,,,
musical instrument,,,
musical instrument,,,
musical instrument,,,
musical instrument,,Piano,Piano
musical instrument,,,
musical instrument,,,
musical instrument,,,
musical instrument,,,
musical instrument,,,
musical instrument,,,
musical instrument,,,
musical instrument,,,
musical instrument,,Piano,Piano
musical instrument,,,
musical instrument,,,
musical instrument,,,
musical instrument,,,
musical instrument,,,
musical instrument,,,
musical instrument,,,
musical instrument,,Piano,Piano
musical instrument,,,
musical instrument,,,
musical instrument,,,
musical instrument,,,
musical instrument,,,
musical instrument,,,
musical instrument,,Piano,Piano
musical instrument,,,
musical instrument,,,
musical instrument,,,
musical instrument,,,
musical instrument,,,
musical instrument,,Piano,Piano
musical instrument,,,
musical instrument,,,
musical instrument,,,
musical instrument,,,
musical instrument,,Piano,Piano
musical instrument,,,
musical instrument,,,
musical instrument,,,
musical instrument,,,
musical instrument,Piano,,Piano
musical instrument,Piano,,Piano
musical instrument,Piano,,Piano
musical instrument,Piano,,Piano
musical instrument,,,
musical instrument,,,
musical instrument,,,
musical instrument,,,
musical instrument,,,
musical instrument,,,
plant,,,
plant,,,
plant,,,
plant,,,
plant,,,
plant,,,
seafood,Cangrejo,Pez,Pez
seafood,Cangrejo,,Cangrejo
seafood,Pez,,Pez
tool,,,
tool,,,
tool,,,
tool,,,
tool,,,
tool,,,
tool,,,
tool,,,
tool,,,
tool,,,
tool,,,
tool,,,
tool,,,
tool,,,
tool,,,
tool,,,
tool,,,
tool,,,
tool,,,
tool,,,
tool,,,
tool,,,
tool,,,
tool,,,
tool,,,
tool,,,
tool,,,
tool,,,
tool,,,
tool,,,
tool,,,
tool,,,
tool,,,
tool,,,
tool,,,
tool,,,
tool,,,
tool,,,
tool,,,
tool,,,
tool,,,
tool,,,
tool,,,
tool,,,
tool,,,
tool,,,
tool,,,
tool,,,
tool,,,
tool,,,
tool,,,
tool,,,
tool,,,
tool,,,
tool,,,
tool,,,
tool,,,
tool,,,
tool,,,
tool,,,
tool,,,
tool,,,
tool,,,
tool,,,
tool,,,
tool,,,
tool,,,
tool,,,
tool,,,
tool,,,
tool,,,
tool,,,
tool,,,
tool,,,
tool,,,
tool,,,
tool,,,
tool,,,
vehicle,,,
vehicle,,,
vehicle,,,
vehicle,,,
vehicle,,,
vehicle,,,
vehicle,,,
vehicle,,,
vehicle,,,
vehicle,,,
vehicle,,,
vehicle,,,
vehicle,,,
vehicle,,,
vehicle,,,
vehicle,,,
vehicle,,,
vehicle,,,
vehicle,,,
vehicle,,,
vehicle,,,
vehicle,,,
vehicle,,,
vehicle,,,
vehicle,,,
vehicle,,,
vehicle,,,
vehicle,,,
vehicle,,,
vehicle,,,
vehicle,,,
vehicle,,,
vehicle,,,
vehicle,,,
vehicle,,,
vehicle,,,
vehicle,,,
vehicle,,,
vehicle,,,
vehicle,,,
vehicle,,,
vehicle,,,
vehicle,,,
vehicle,,,
vehicle,,,
vehicle,,,
vehicle,,,
vehicle,,,
vehicle,,,
vehicle,,,
vehicle,,,
vehicle,,,
vehicle,,,
vehicle,,,
vehicle,,,
vehicle,,,
vehicle,,,
vehicle,,,
vehicle,,,
vehicle,,,
vehicle,,,
vehicle,,,
vehicle,,,
vehicle,,,
vehicle,,,
vehicle,,,
vehicle,,,
vehicle,,,
vehicle,,,
vehicle,,,
vehicle,,,
vehicle,,,
vehicle,,,
vehicle,,,
vehicle,,,
vehicle,,,
vehicle,,,
vehicle,,,
vehicle,,,
vehicle,,,
vehicle,,,
vehicle,,,
vehicle,,,
vehicle,,,
vehicle,,,
vehicle,,,
vehicle,,,
vehicle,,,
vehicle,,,
vehicle,,,
vehicle,,,
